average,max,total
0.3967913819733501,0.9998823529411764,40121.5605882353
0.38982932537500986,1.0,39417.59223529412
